ClassTable,nameTextId,descTextId,number,promotion,SMSId,slowWalking,defaultPortraitId,unk0A,baseHP,basePow,baseSkl,baseSpd,baseDef,baseRes,baseCon,baseMov,maxHP,maxPow,maxSkl,maxSpd,maxDef,maxRes,maxCon,classRelativePower,growthHP,growthPow,growthSkl,growthSpd,growthDef,growthRes,growthLck,promotionHP,promotionPow,promotionSkl,promotionSpd,promotionDef,promotionRes,attributes,baseSwordRank,baseLanceRank,baseAxeRank,baseBowRank,baseStaffRank,baseAnimaRank,baseDaggerRank,baseStoneRank,pBattleAnimDef,pMovCostTable,pRainMovCostTable,pSnowMovCostTable,pTerrainAvoidLookup,pTerrainDefenseLookup,pTerrainResistanceLookup,classType
0x807110_0x7F,16_h,16_h,8_h,8_h,8_h,8_h,16_h,8_h,8_d_s,8_d_s,8_d_s,8_d_s,8_d_s,8_d_s,8_d_s,8_d_s,8_d_s,8_d_s,8_d_s,8_d_s,8_d_s,8_d_s,8_d_s,8_d_s,8_d_s,8_d_s,8_d_s,8_d_s,8_d_s,8_d_s,8_d_s,8_d_s,8_d_s,8_d_s,8_d_s,8_d_s,8_d_s,32_h,8_d,8_d,8_d,8_d,8_d,8_d,8_d,8_d,32_p,32_p,32_p,32_p,32_p,32_p,32_p,32_d
None,0x0,0x0,0x0,0x0,0x0,0x0,0x0,0x0,0,0,0,0,0,0,0,0,0,0,0,0,0,0,0,0,0,0,0,0,0,37,0,2,1,1,1,1,1,0x1000002,0,0,0,0,0,0,0,0,0x1f,0x0,0x231e143c,0x190f0f,0x0,0x0,0x0,0x0
Ephraim Lord,0x2bf,0x309,0x1,0x3,0x0,0x0,0x8b,0x1,22,5,5,6,5,0,7,5,60,20,20,20,20,20,25,3,50,35,35,30,20,20,35,2,1,1,1,1,1,0x20002000,0,DRank,0,0,0,0,0,0,0x88aefd8,0x880b808,0x880bc59,0x880c069,0x880c479,0x880c4ba,0x880c4fb,0x0
Lord#def,LordName,LordDesc,0x2,0x4,LordStandMapSprite,0x0,0x8b,0x1,24,6,6,7,1,2,8,5,60,20,20,20,20,20,25,3,50,35,35,30,20,20,35,2,1,1,1,1,1,0x10022000,DRank,0,0,0,0,0,0,0,LordAnimEntry|IsPointer,0x880b849,0x880b849,0x880b849,0x880c479,0x880c4ba,0x880c4fb,SwordType
Ephraim Master Lord,0x2c0,0x30b,0x3,0x1,0x2,0x0,0x8b,0x2,22,2,2,3,3,0,9,7,80,25,25,25,25,25,25,3,50,35,35,30,20,20,35,2,1,1,1,1,1,0x20002503,0,71,0,0,0,0,0,0,0x88aeff0,0x880bad3,0x880bf24,0x880c334,0x880c479,0x880c4ba,0x880c4fb,0x0
GreatLord#def,0x2c0,0x30c,0x4,0x2,0x3,0x0,0x8b,0x2,22,2,2,3,3,0,6,7,80,25,25,25,25,25,25,3,50,35,35,30,20,20,35,2,1,1,1,1,1,0x10022503,DRank,0,0,0,DRank,DRank,0,0,0x88aeffc,0x880bad3,0x880bf24,0x880c334,0x880c479,0x880c4ba,0x880c4fb,SwordType
SwordCavalier#def,SwordCavalierName,SwordCavalierDesc,0x5,0x7,SwordCavalierStandMapSprite,0x0,SwordCavalierCard,0x20,24,4,1,4,3,0,8,7,60,20,20,20,20,20,25,3,50,35,35,30,20,20,35,2,1,1,1,1,1,MountedAid|CanCanto|HorseIcon,DRank,0,0,0,0,0,0,0,CavalierAnimEntry|IsPointer,pCavalryMoveCost,pCavalryMoveCost,pCavalryMoveCost,pGetTerrainAvo,pGetTerrainDef,pGetTerrainRes,HorseType
SwordCavalier_F#def,SwordCavalierName,SwordCavalierDesc,0x6,0x7,SwordCavalierStandMapSprite,0x0,SwordCavalierCard,0x20,24,4,1,4,3,0,8,7,60,20,20,20,20,20,25,3,50,35,35,30,20,20,35,2,1,1,1,1,1,MountedAid|CanCanto|HorseIcon,DRank,0,0,0,0,0,0,0,0x88af018,pCavalryMoveCost,pCavalryMoveCost,pCavalryMoveCost,pGetTerrainAvo,pGetTerrainDef,pGetTerrainRes,HorseType
SwordPaladin#def,SwordPaladinName,SwordPaladinDesc,0x7,0x6,SwordPaladinStandMapSprite,0x0,SwordPaladinCard,0x21,27,6,3,6,4,2,10,8,80,25,25,25,25,25,25,3,50,35,35,30,20,20,35,2,1,1,1,1,1,MountedAid|CanCanto|HorseIcon|IsPromoted,DRank,0,DRank,0,0,0,0,0,PaladinAnimEntry|IsPointer,pPromotedCavalryMoveCost,pPromotedCavalryMoveCost,pPromotedCavalryMoveCost,pGetTerrainAvo,pGetTerrainDef,pGetTerrainRes,HorseType
SwordPaladin_F#def,SwordPaladinName,SwordPaladinDesc,0x8,0x6,SwordPaladinStandMapSprite,0x0,SwordPaladinCard,0x21,27,6,3,6,4,2,10,8,80,25,25,25,25,25,25,3,50,35,35,30,20,20,35,2,1,1,1,1,1,MountedAid|CanCanto|HorseIcon|IsPromoted,DRank,0,DRank,0,0,0,0,0,0x88af038,pPromotedCavalryMoveCost,pPromotedCavalryMoveCost,pPromotedCavalryMoveCost,pGetTerrainAvo,pGetTerrainDef,pGetTerrainRes,HorseType
LanceArmor#def,LanceArmorName,0x30f,0x9,0xb,0x6,0x0,0x76,0xc,25,5,1,0,6,0,12,5,60,20,20,20,20,20,25,3,50,35,35,30,20,20,35,2,1,1,1,1,1,0x0,0,DRank,0,0,0,0,0,0,ArmorAnimEntry|IsPointer,pArmorMoveCost,pArmorMoveCost,pArmorMoveCost,pGetTerrainAvo,pGetTerrainDef,pGetTerrainRes,ArmorType
AxeArmor#def,AxeArmorName,AxeArmorDesc,0xa,0xb,AxeArmorStandMapSprite,0x0,AxeArmorCard,0xc,25,5,1,0,6,0,12,5,60,20,20,20,20,20,25,3,50,35,35,30,20,20,35,2,1,1,1,1,1,0x0,0,DRank,0,0,0,0,0,0,ArmorAnimEntry|IsPointer,pArmorMoveCost,pArmorMoveCost,pArmorMoveCost,pGetTerrainAvo,pGetTerrainDef,pGetTerrainRes,ArmorType
General#def,0x2c4,GeneralDesc,0xb,0x9,0x7,0x0,0x77,0xd,27,7,3,2,11,2,14,5,80,25,25,25,25,25,25,3,50,35,35,30,20,20,35,2,1,1,1,1,1,IsPromoted,DRank,DRank,DRank,DRank,0,0,0,0,GeneralAnimEntry|IsPointer,pArmorMoveCost,pArmorMoveCost,pArmorMoveCost,pGetTerrainAvo,pGetTerrainDef,pGetTerrainRes,ArmorType
SwordArmor#def,SwordArmorName,SwordArmorDesc,0xc,0xb,SwordArmorStandMapSprite,0x0,SwordArmorCard,0xd,25,5,1,0,6,0,12,5,60,20,20,20,20,20,25,3,50,35,35,30,20,20,35,2,1,1,1,1,1,0x0,DRank,0,0,0,0,0,0,0,ArmorAnimEntry|IsPointer,pArmorMoveCost,pArmorMoveCost,pArmorMoveCost,pGetTerrainAvo,pGetTerrainDef,pGetTerrainRes,ArmorType
Thief#def,ThiefName,ThiefDesc,0xd,0x33,0x8,0x0,0x8e,0x7,20,2,0,6,0,0,5,6,60,20,20,20,20,20,25,3,50,35,35,30,20,20,35,2,1,1,1,1,1,0xc,0,0,0,0,0,0,DRank,0,ThiefAnimEntry|IsPointer,0x880b9cf,0x880b9cf,0x880b9cf,0x880c479,0x880c4ba,0x880c4fb,ThiefType|SwordType
Manakete,0x2d7,0x323,0xe,0x0,0x9,0x0,0x8f,0x1f,24,0,0,2,1,2,5,6,80,25,25,25,25,25,25,3,50,35,35,30,20,20,35,2,1,1,1,1,1,0x40000,0,0,0,0,0,0,0,DRank,0x88af0ac,0x880bb96,0x880bfe7,0x880c3f7,0x880c53c,0x880c57d,0x880c5be,DragonType
Mercenary#def,MercenaryName,MercenaryDesc,0xf,0x11,0xa,0x0,0x90,0x3,22,4,6,6,1,0,8,5,60,20,20,20,20,20,25,3,50,35,35,30,20,20,35,2,1,1,1,1,1,0x0,DRank,0,0,0,0,0,0,0,MercenaryAnimEntry|IsPointer,0x880b849,0x880b849,0x880b849,0x880c479,0x880c4ba,0x880c4fb,SwordType
Mercenary_F#def,MercenaryName,MercenaryDesc,0x10,0x12,Mercenary_FStandMapSprite,0x0,0x90,0x3,22,4,6,6,1,0,8,5,60,20,20,20,20,20,25,3,50,35,35,30,20,20,35,2,1,1,1,1,1,0x0,DRank,0,0,0,0,0,0,0,Mercenary_FAnimEntry|IsPointer,0x880b849,0x880b849,0x880b849,0x880c479,0x880c4ba,0x880c4fb,SwordType
Hero#def,HeroName,HeroDesc,0x11,0xf,0xc,0x0,0x91,0x4,26,5,8,8,4,2,10,6,80,25,25,25,25,25,25,3,50,35,35,30,20,20,35,2,1,1,1,1,1,0x100,DRank,0,DRank,0,0,0,0,0,0x88af0d0,0x880b808,0x880bc59,0x880c069,0x880c479,0x880c4ba,0x880c4fb,SwordType
Hero_F#def,HeroName,HeroDesc,0x12,0x10,0xd,0x0,0x91,0x4,26,5,8,8,4,2,10,6,80,25,25,25,25,25,25,3,50,35,35,30,20,20,35,2,1,1,1,1,1,0x100,DRank,0,DRank,0,0,0,0,0,Hero_FAnimEntry|IsPointer,0x880b808,0x880bc59,0x880c069,0x880c479,0x880c4ba,0x880c4fb,SwordType
Myrmidon#def,MyrmidonName,MyrmidonDesc,0x13,0x15,0xe,0x0,0x72,0x5,20,3,8,8,0,1,7,5,60,20,20,20,20,20,25,3,50,35,35,30,20,20,35,2,1,1,1,1,1,0x20000,DRank,0,0,0,0,0,0,0,MyrmidonAnimEntry|IsPointer,0x880b849,0x880b849,0x880b849,0x880c479,0x880c4ba,0x880c4fb,SwordType
Myrmidon_F#def,MyrmidonName,MyrmidonDesc,0x14,0x16,0xf,0x0,0x72,0x5,20,3,8,8,0,1,7,5,60,20,20,20,20,20,25,3,50,35,35,30,20,20,35,2,1,1,1,1,1,0x20000,DRank,0,0,0,0,0,0,0,0x88af114,0x880b849,0x880b849,0x880b849,0x880c479,0x880c4ba,0x880c4fb,SwordType
Swordmaster#def,SwordmasterName,SwordmasterDesc,0x15,0x13,0x10,0x0,0x73,0x6,25,5,10,10,1,4,9,6,80,25,25,25,25,25,25,3,50,35,35,30,20,20,35,2,1,1,1,1,1,0x20140,DRank,0,0,0,0,0,0,0,0x88af120,0x880b849,0x880b849,0x880b849,0x880c479,0x880c4ba,0x880c4fb,SwordType
Swordmaster_F#def,SwordmasterName,SwordmasterDesc,0x16,0x14,0x11,0x0,0x73,0x6,23,5,10,10,1,4,9,6,80,25,25,25,25,25,25,3,50,35,35,30,20,20,35,2,1,1,1,1,1,0x20140,DRank,0,0,0,0,0,0,0,0x88af12c,0x880b849,0x880b849,0x880b849,0x880c479,0x880c4ba,0x880c4fb,SwordType
Thief_F#def,ThiefName,ThiefDesc,0x17,0x33,Thief_FStandMapSprite,0x0,0x8e,0x8,20,2,0,6,0,0,5,6,60,20,20,20,20,20,25,3,50,35,35,30,20,20,35,2,1,1,1,1,1,0xc,0,0,0,0,0,0,DRank,0,Thief_FAnimEntry|IsPointer,0x880b9cf,0x880b9cf,0x880b9cf,0x880c479,0x880c4ba,0x880c4fb,ThiefType|SwordType
LanceCavalier#def,LanceCavalierName,LanceCavalierDesc,0x18,0xd,0x4,0x0,0x80,0x8,24,4,1,4,3,0,8,7,60,20,20,20,20,20,25,3,50,35,35,30,20,20,35,2,1,1,1,1,1,MountedAid|CanCanto|HorseIcon,0,DRank,0,0,0,0,0,0,CavalierAnimEntry|IsPointer,pCavalryMoveCost,pCavalryMoveCost,pCavalryMoveCost,pGetTerrainAvo,pGetTerrainDef,pGetTerrainRes,HorseType
Archer#def,ArcherName,ArcherDesc,0x19,0x1b,0x14,0x0,0x78,0xa,22,4,8,6,0,2,7,5,60,20,20,20,20,20,25,3,50,35,35,30,20,20,35,2,1,1,1,1,1,0x80,0,0,0,DRank,0,0,0,0,0x88af150,0x880b849,0x880b849,0x880b849,0x880c479,0x880c4ba,0x880c4fb,0x0
Archer_F#def,ArcherName,ArcherDesc,0x1a,0x1c,0x15,0x0,0x78,0xa,22,4,8,6,0,2,7,5,60,20,20,20,20,20,25,3,50,35,35,30,20,20,35,2,1,1,1,1,1,0x80,0,0,0,DRank,0,0,0,0,0x88af168,0x880b849,0x880b849,0x880b849,0x880c479,0x880c4ba,0x880c4fb,0x0
Sniper#def,SniperName,SniperDesc,0x1b,0x19,0x16,0x0,0x79,0xb,25,6,9,8,2,4,8,6,80,25,25,25,25,25,25,3,50,35,35,30,20,20,35,2,1,1,1,1,1,0x180,0,0,0,DRank,0,0,0,0,0x88af180,0x880b849,0x880b849,0x880b849,0x880c479,0x880c4ba,0x880c4fb,0x0
Sniper_F#def,SniperName,SniperDesc,0x1c,0x1a,0x17,0x0,0x79,0xb,25,6,9,8,2,4,8,6,80,25,25,25,25,25,25,3,50,35,35,30,20,20,35,2,1,1,1,1,1,0x180,0,0,0,DRank,0,0,0,0,0x88af198,0x880b849,0x880b849,0x880b849,0x880c479,0x880c4ba,0x880c4fb,0x0
NomadTrooper#def,NomadTrooperName,NomadTrooperDesc,0x1d,0x19,NomadTrooperStandMapSprite,0x0,0x85,0xc,25,5,6,7,2,2,8,8,80,25,25,25,25,25,25,3,50,35,35,30,20,20,35,2,1,1,1,1,1,MountedAid|CanCanto|IsPromoted|HorseIcon,DRank,0,0,DRank,0,0,0,0,NomadTrooperAnimEntry|IsPointer,pNomadMoveCost,pNomadMoveCost,pNomadMoveCost,pGetTerrainAvo,pGetTerrainDef,pGetTerrainRes,HorseType
NomadTrooper_F#def,NomadTrooperName,NomadTrooperDesc,0x1e,0x1a,NomadTrooper_FStandMapSprite,0x0,0x85,0xc,25,5,6,7,2,2,8,8,80,25,25,25,25,25,25,3,50,35,35,30,20,20,35,2,1,1,1,1,1,MountedAid|CanCanto|IsPromoted|HorseIcon,DRank,0,0,DRank,0,0,0,0,NomadTrooper_FAnimEntry|IsPointer,pNomadMoveCost,pNomadMoveCost,pNomadMoveCost,pGetTerrainAvo,pGetTerrainDef,pGetTerrainRes,HorseType
WyvernRider#def,0x2ce,0x31a,0x1f,0x21,0x19,0x0,0x88,0xd,24,7,1,4,4,0,9,7,60,20,20,20,20,20,25,3,50,35,35,30,20,20,35,2,1,1,1,1,1,0x803,0,0,DRank,0,0,0,0,0,0x88af1d0,0x880bb96,0x880bb96,0x880bb96,0x880c53c,0x880c57d,0x880c5be,DragonType|FlierType
LanceCavalier_F#def,LanceCavalierName,LanceCavalierDesc,0x20,0x22,0x4,0x0,0x80,0xd,24,4,1,4,3,0,8,7,60,20,20,20,20,20,25,3,50,35,35,30,20,20,35,2,1,1,1,1,1,MountedAid|CanCanto|HorseIcon,0,DRank,0,0,0,0,0,0,0x88af1dc,pCavalryMoveCost,pCavalryMoveCost,pCavalryMoveCost,pGetTerrainAvo,pGetTerrainDef,pGetTerrainRes,HorseType
WyvernLord#def,0x2cf,0x31b,0x21,0x1f,0x1b,0x0,0x89,0xe,27,8,4,6,8,0,10,8,80,25,25,25,25,25,25,3,50,35,35,30,20,20,35,2,1,1,1,1,1,0x903,0,DRank,DRank,0,0,0,0,0,0x88af1e8,0x880bb96,0x880bb96,0x880bb96,0x880c53c,0x880c57d,0x880c5be,DragonType|FlierType
AxeCavalier#def,AxeCavalierName,AxeCavalierDesc,0x22,0x20,AxeCavalierStandMapSprite,0x0,AxeCavalierCard,0xe,24,4,1,4,3,0,8,7,60,20,20,20,20,20,25,3,50,35,35,30,20,20,35,2,1,1,1,1,1,MountedAid|CanCanto|HorseIcon,0,0,DRank,0,0,0,0,0,CavalierAnimEntry|IsPointer,pCavalryMoveCost,pCavalryMoveCost,pCavalryMoveCost,pGetTerrainAvo,pGetTerrainDef,pGetTerrainRes,HorseType
BowArmor#def,BowArmorName,BowArmorDesc,0x23,0x1f,BowArmorStandMapSprite,0x0,BowArmorCard,0xf,25,5,1,0,6,0,12,5,60,20,20,20,20,20,25,3,50,35,35,30,20,20,35,2,1,1,1,1,1,0x0,0,0,0,DRank,0,0,0,0,ArmorAnimEntry|IsPointer,pArmorMoveCost,pArmorMoveCost,pArmorMoveCost,pGetTerrainAvo,pGetTerrainDef,pGetTerrainRes,ArmorType
AxeCavalier_F#def,AxeCavalierName,AxeCavalierDesc,0x24,0x20,AxeCavalierStandMapSprite,0x0,AxeCavalierCard,0xf,24,4,1,4,3,0,8,7,60,20,20,20,20,20,25,3,50,35,35,30,20,20,35,2,1,1,1,1,1,MountedAid|CanCanto|HorseIcon,0,0,DRank,0,0,0,0,0,AxeCavalier_FAnimEntry|IsPointer,pCavalryMoveCost,pCavalryMoveCost,pCavalryMoveCost,pGetTerrainAvo,pGetTerrainDef,pGetTerrainRes,HorseType
Mage#def,MageName,MageDesc,0x25,0x27,0x1e,0x0,0x7c,0x12,20,1,1,2,0,4,5,5,60,20,20,20,20,20,25,3,50,35,35,30,20,20,35,2,1,1,1,1,1,0x0,0,0,0,0,0,DRank,0,0,0x88af220,0x880ba10,0x880ba10,0x880ba10,0x880c479,0x880c4ba,0x880c4fb,MageType
Mage_F#def,MageName,MageDesc,0x26,0x28,0x1f,0x0,0x7c,0x12,20,1,1,2,0,4,5,5,60,20,20,20,20,20,25,3,50,35,35,30,20,20,35,2,1,1,1,1,1,0x0,0,0,0,0,0,DRank,0,0,0x88af234,0x880ba10,0x880ba10,0x880ba10,0x880c479,0x880c4ba,0x880c4fb,MageType
Sage#def,SageName,SageDesc,0x27,0x25,0x20,0x0,0x7d,0x13,24,4,4,4,2,6,6,6,80,25,25,25,25,25,25,3,50,35,35,30,20,20,35,2,1,1,1,1,1,0x100,0,0,0,0,DRank,DRank,DRank,0,SageAnimEntry|IsPointer,0x880ba10,0x880ba10,0x880ba10,0x880c479,0x880c4ba,0x880c4fb,MageType
Sage_F#def,SageName,SageDesc,0x28,0x26,0x21,0x0,0x7d,0x13,24,4,4,4,2,6,6,6,80,25,25,25,25,25,25,3,50,35,35,30,20,20,35,2,1,1,1,1,1,0x100,0,0,0,0,DRank,DRank,DRank,0,Sage_FAnimEntry|IsPointer,0x880ba10,0x880ba10,0x880ba10,0x880c479,0x880c4ba,0x880c4fb,MageType
WarMonk#def,WarClericName,WarClericDesc,0x29,0x25,WarMonkStandMapSprite,0x0,0x95,0x14,27,7,4,5,2,5,9,6,80,25,25,25,25,25,25,3,50,35,35,30,20,20,35,2,1,1,1,1,1,0x503,0,0,DRank,0,DRank,0,0,0,WarMonkAnimEntry|IsPointer,0x880ba10,0x880ba10,0x880ba10,0x880c479,0x880c4ba,0x880c4fb,MageType
WarCleric#def,WarClericName,WarClericDesc,0x2a,0x26,WarClericStandMapSprite,0x0,0x95,0x14,27,7,4,5,2,5,9,6,80,25,25,25,25,25,25,3,50,35,35,30,20,20,35,2,1,1,1,1,1,0x503,0,0,DRank,0,DRank,0,0,0,WarClericAnimEntry|IsPointer,0x880ba10,0x880ba10,0x880ba10,0x880c479,0x880c4ba,0x880c4fb,MageType
Bishop#def,BishopName,BishopDesc,0x2b,0x45,0x24,0x0,0x7b,0x18,24,3,4,3,1,8,7,6,80,25,25,25,25,25,25,3,50,35,35,30,20,20,35,2,1,1,1,1,1,0x100,0,0,0,0,DRank,DRank,0,0,BishopAnimEntry|IsPointer,0x880ba10,0x880ba10,0x880ba10,0x880c479,0x880c4ba,0x880c4fb,MageType
Bishop_F#def,BishopName,BishopDesc,0x2c,0x4a,0x25,0x0,0x7b,0x18,24,3,4,3,1,8,7,6,80,25,25,25,25,25,25,3,50,35,35,30,20,20,35,2,1,1,1,1,1,0x100,0,0,0,0,DRank,DRank,0,0,0x88af2c0,0x880ba10,0x880ba10,0x880ba10,0x880c479,0x880c4ba,0x880c4fb,MageType
Shaman#def,ShamanName,ShamanDesc,0x2d,0x2f,0x26,0x0,0x7e,0x1b,22,2,1,2,1,2,6,5,60,20,20,20,20,20,25,3,50,35,35,30,20,20,35,2,1,1,1,1,1,0x0,0,0,0,0,0,DRank,0,0,0x88af2d8,0x880ba10,0x880ba10,0x880ba10,0x880c479,0x880c4ba,0x880c4fb,MageType
Shaman_F#def,ShamanName,ShamanDesc,0x2e,0x30,0x26,0x0,0x7e,0x1b,22,2,1,2,1,2,6,5,60,20,20,20,20,20,25,3,50,35,35,30,20,20,35,2,1,1,1,1,1,0x0,0,0,0,0,0,DRank,0,0,0x88af2ec,0x880ba10,0x880ba10,0x880ba10,0x880c479,0x880c4ba,0x880c4fb,MageType
Druid#def,DruidName,DruidDesc,0x2f,0x2d,0x27,0x0,0x7f,0x1c,24,7,2,3,2,6,8,6,80,25,25,25,25,25,25,3,50,35,35,30,20,20,35,2,1,1,1,1,1,0x100,0,0,0,0,DRank,DRank,0,0,0x88af300,0x880ba10,0x880ba10,0x880ba10,0x880c479,0x880c4ba,0x880c4fb,MageType
Druid_F#def,DruidName,DruidDesc,0x30,0x2e,0x27,0x0,0x7f,0x1c,24,7,2,3,2,6,8,6,80,25,25,25,25,25,25,3,50,35,35,30,20,20,35,2,1,1,1,1,1,0x100,0,0,0,0,DRank,DRank,0,0,0x88af318,0x880ba10,0x880ba10,0x880ba10,0x880c479,0x880c4ba,0x880c4fb,MageType
Deserter#def,DeserterName,DeserterDesc,0x31,0x2d,DeserterStandMapSprite,0x0,DeserterCard,0x1d,23,6,3,5,0,1,9,5,60,20,20,20,20,20,25,3,50,35,35,30,20,20,35,2,1,1,1,1,1,0x0,0,DRank,0,0,0,0,0,0,DeserterAnimEntry|IsPointer,pBrigandMoveCost,pBrigandMoveCost,pBrigandMoveCost,pGetTerrainAvo,pGetTerrainDef,pGetTerrainRes,0x0
Nomad#def,NomadName,NomadDesc,0x32,0x1d,NomadStandMapSprite,0x0,0x84,0x1d,21,2,3,7,0,1,7,7,60,20,20,20,20,20,25,3,50,35,35,30,20,20,35,2,1,1,1,1,1,MountedAid|CanCanto|HorseIcon,0,0,0,DRank,0,0,0,0,NomadAnimEntry|IsPointer,pNomadMoveCost,pNomadMoveCost,pNomadMoveCost,pGetTerrainAvo,pGetTerrainDef,pGetTerrainRes,HorseType
Diabolist#def,DiabolistName,DiabolistDesc,0x33,0xd,0x29,0x0,0x94,0x9,22,4,3,11,0,1,7,6,60,20,20,20,20,20,25,3,50,35,35,30,20,20,35,2,1,1,1,1,1,0x10c,0,0,0,0,0,DRank,DRank,0,DiabolistAnimEntry|IsPointer,0x880b9cf,0x880b9cf,0x880b9cf,0x880c479,0x880c4ba,0x880c4fb,MageType
Gorgon Egg,0x300,0x34c,0x34,0x0,0x2a,0x0,0xa6,0x0,54,0,0,0,8,9,5,0,60,20,20,20,20,20,25,3,50,35,35,30,20,20,35,2,1,1,1,1,1,0x0,0,0,0,0,0,0,0,0,0x0,0x0,0x0,0x0,0x880c479,0x880c4ba,0x880c4fb,0x0
LancePaladin#def,LancePaladinName,LancePaladinDesc,0x35,0x9,0x5,0x0,0x81,0x22,27,6,3,6,4,2,10,8,80,25,25,25,25,25,25,3,50,35,35,30,20,20,35,2,1,1,1,1,1,MountedAid|CanCanto|IsPromoted|HorseIcon,DRank,DRank,0,0,0,0,0,0,PaladinAnimEntry|IsPointer,pPromotedCavalryMoveCost,pPromotedCavalryMoveCost,pPromotedCavalryMoveCost,pGetTerrainAvo,pGetTerrainDef,pGetTerrainRes,HorseType
LancePaladin_F#def,LancePaladinName,LancePaladinDesc,0x36,0xa,0x5,0x0,0x81,0x22,27,6,3,6,4,2,10,8,80,25,25,25,25,25,25,3,50,35,35,30,20,20,35,2,1,1,1,1,1,MountedAid|CanCanto|IsPromoted|HorseIcon,DRank,DRank,0,0,0,0,0,0,0x88af38c,pPromotedCavalryMoveCost,pPromotedCavalryMoveCost,pPromotedCavalryMoveCost,pGetTerrainAvo,pGetTerrainDef,pGetTerrainRes,HorseType
AxePaladin#def,AxePaladinName,AxePaladinDesc,0x37,0x3a,AxePaladinStandMapSprite,0x0,AxePaladinCard,0x28,27,6,3,6,4,2,10,8,80,25,25,25,25,25,25,3,50,35,35,30,20,20,35,2,1,1,1,1,1,MountedAid|CanCanto|IsPromoted|HorseIcon,0,DRank,DRank,0,0,0,0,0,PaladinAnimEntry|IsPointer,pPromotedCavalryMoveCost,pPromotedCavalryMoveCost,pPromotedCavalryMoveCost,pGetTerrainAvo,pGetTerrainDef,pGetTerrainRes,HorseType
AxePaladin_F#def,AxePaladinName,AxePaladinDesc,0x38,0x7e,AxePaladinStandMapSprite,0x0,AxePaladinCard,0x27,27,6,3,6,4,2,10,8,80,25,25,25,25,25,25,3,50,35,35,30,20,20,35,2,1,1,1,1,1,MountedAid|CanCanto|IsPromoted|HorseIcon,0,DRank,DRank,0,0,0,0,0,0x88af3b8,pPromotedCavalryMoveCost,pPromotedCavalryMoveCost,pPromotedCavalryMoveCost,pGetTerrainAvo,pGetTerrainDef,pGetTerrainRes,HorseType
Nomad_F#def,NomadName,NomadDesc,0x39,0x1e,Nomad_FStandMapSprite,0x0,0x84,0x29,21,2,3,7,0,1,7,7,60,20,20,20,20,20,25,3,50,35,35,30,20,20,35,2,1,1,1,1,1,MountedAid|CanCanto|HorseIcon,0,0,0,DRank,0,0,0,0,Nomad_FAnimEntry|IsPointer,pNomadMoveCost,pNomadMoveCost,pNomadMoveCost,pGetTerrainAvo,pGetTerrainDef,pGetTerrainRes,HorseType
Guard#def,GuardName,GuardDesc,0x3a,0x37,GuardStandMapSprite,0x0,GuardCard,0x28,21,4,7,6,1,0,7,5,60,20,20,20,20,20,25,3,50,35,35,30,20,20,35,2,1,1,1,1,1,0x0,0,0,DRank,0,0,0,0,0,GuardAnimEntry|IsPointer,pDefaultMoveCost,pDefaultMoveCost,pDefaultMoveCost,pGetTerrainAvo,pGetTerrainDef,pGetTerrainRes,0x0
Manakete#def,ManaketeName,ManaketeDesc,0x3b,0x1f,ManaketeStandMapSprite,0x0,0xa9,0x1f,24,0,0,1,0,0,25,5,80,25,25,25,25,25,25,3,50,35,35,30,20,20,35,2,1,1,1,1,1,0x40100,0,0,0,0,0,0,0,0,0x88af3f0,0x880bb96,0x880bfe7,0x880c3f7,0x880c53c,0x880c57d,0x880c5be,DragonType
Dancer,0x2ec,0x338,0x3c,0x20,0x2c,0x0,0x8f,0x1f,16,0,0,1,0,1,4,6,80,25,25,25,25,25,25,3,50,35,35,30,20,20,35,2,1,1,1,1,1,0x40000,0,0,0,0,0,0,0,0,0x88af3fc,0x880bb96,0x880bfe7,0x880c3f7,0x880c53c,0x880c57d,0x880c5be,DragonType
Dragoon#def,DragoonName,DragoonDesc,0x3d,0x0,DragoonStandMapSprite,0x0,DragoonCard,0x27,26,8,4,8,3,1,10,6,80,25,25,25,25,25,25,3,50,35,35,30,20,20,35,2,1,1,1,1,1,0x80000,0,DRank,0,0,0,0,0,0,0x88af408,0x880b849,0x880b849,0x880b849,0x880c479,0x880c4ba,0x880c4fb,0x0
Hunter#def,HunterName,HunterDesc,0x3e,0x40,HunterStandMapSprite,0x0,0x74,0x29,26,7,1,4,0,0,11,5,60,20,20,20,20,20,25,3,50,35,35,30,20,20,35,2,1,1,1,1,1,0x80000,0,0,0,DRank,0,0,0,0,HunterAnimEntry|IsPointer,pFighterMoveCost,pFighterMoveCost,pFighterMoveCost,pGetTerrainAvo,pGetTerrainDef,pGetTerrainRes,0x0
Fighter#def,FighterName,FighterDesc,0x3f,0x40,0x31,0x0,0x74,0x23,26,7,1,4,0,0,11,5,60,20,20,20,20,20,25,3,50,35,35,30,20,20,35,2,1,1,1,1,1,0x0,0,0,DRank,0,0,0,0,0,0x88af434,0x880b849,0x880b849,0x880b849,0x880c479,0x880c4ba,0x880c4fb,0x0
Warrior#def,WarriorName,WarriorDesc,0x40,0x3f,0x32,0x0,0x75,0x25,30,9,5,6,3,0,13,6,80,25,25,25,25,25,25,3,50,35,35,30,20,20,35,2,1,1,1,1,1,0x100,0,0,DRank,DRank,0,0,0,0,WarriorAnimEntry|IsPointer,0x880b849,0x880b849,0x880b849,0x880c479,0x880c4ba,0x880c4fb,0x0
Ohtli#def,OhtliName,OhtliDesc,0x41,0x43,OhtliStandMapSprite,0x0,0x8b,0x0,27,4,3,3,1,3,11,5,60,20,20,20,20,20,25,3,50,35,35,30,20,20,35,2,1,1,1,1,1,0x0,0,0,DRank,0,0,0,0,0,0x88af468,0x880b94d,0x880b94d,0x880b94d,0x880c479,0x880c4ba,0x880c4fb,0x880c5ff
Pirate#def,PirateName,PirateDesc,0x42,0x43,0x34,0x0,0x8c,0x24,24,6,1,5,0,0,12,5,60,20,20,20,20,20,25,3,50,35,35,30,20,20,35,2,1,1,1,1,1,0x0,0,0,DRank,0,0,0,0,0,PirateAnimEntry|IsPointer,0x880b98e,0x880bddf,0x880c1ef,0x880c479,0x880c4ba,0x880c4fb,0x880c640
Berserker#def,BerserkerName,BerserkerDesc,0x43,0x42,0x35,0x0,0x8d,0x26,28,6,5,6,4,0,12,6,80,25,25,25,25,25,25,3,50,35,35,30,20,20,35,2,1,1,1,1,1,0x140,0,0,DRank,0,0,0,0,0,0x88af498,0x880b90c,0x880b90c,0x880b90c,0x880c479,0x880c4ba,0x880c4fb,0x880c681
Monk#def,MonkName,MonkDesc,0x44,0x0,0x36,0x0,0x7a,0x17,21,0,5,4,0,5,6,5,60,20,20,20,20,20,25,3,50,35,35,30,20,20,35,2,1,1,1,1,1,0x0,0,0,0,0,0,DRank,0,0,0x88af4b0,0x880ba10,0x880ba10,0x880ba10,0x880c479,0x880c4ba,0x880c4fb,MageType
Priest#def,PriestName,PriestDesc,0x45,0x27,0x37,0x0,0x7a,0x15,22,2,3,5,0,3,6,5,60,20,20,20,20,20,25,3,50,35,35,30,20,20,35,2,1,1,1,1,1,0x0,0,0,0,0,DRank,0,0,0,0x88af4c4,0x880ba10,0x880ba10,0x880ba10,0x880c479,0x880c4ba,0x880c4fb,MageType
Bard#def,BardName,BardDesc,0x46,0x0,BardStandMapSprite,0x0,0x8b,0x0,20,0,0,8,0,4,5,5,60,20,20,20,20,20,25,3,50,35,35,30,20,20,35,2,1,1,1,1,1,0x20,0,0,0,0,0,0,0,0,0x0,0x880b849,0x880bc9a,0x880c0aa,0x880c479,0x880c4ba,0x880c4fb,0x0
FalcoKnight#def,FalcoKnightName,FalcoKnightDesc,0x47,0x0,0x2c,0x0,0x8a,0x28,24,4,5,7,1,3,6,8,80,25,25,25,25,25,25,3,50,35,35,30,20,20,35,2,1,1,1,1,1,0x80000,DRank,DRank,0,0,0,0,0,0,0x88af4d0,0x880bb96,0x880bb96,0x880bb96,0x880c479,0x880c4ba,0x880c4fb,FlierType
PegasusKnight#def,PegasusKnightName,PegasusKnightDesc,0x48,0x47,0x39,0x0,0x86,0x10,20,2,4,6,0,2,5,7,60,20,20,20,20,20,25,3,50,35,35,30,20,20,35,2,1,1,1,1,1,0x1003,0,DRank,0,0,0,0,0,0,0x88af4dc,0x880bb96,0x880bb96,0x880bb96,0x880c53c,0x880c57d,0x880c5be,FlierType
Deserter_F#def,DeserterName,DeserterDesc,0x49,0x48,DeserterStandMapSprite,0x0,DeserterCard,0x11,23,6,3,5,0,1,9,5,60,20,20,20,20,20,25,3,50,35,35,30,20,20,35,2,1,1,1,1,1,0x0,0,DRank,0,0,0,0,0,0,Deserter_FAnimEntry|IsPointer,pBrigandMoveCost,pBrigandMoveCost,pBrigandMoveCost,pGetTerrainAvo,pGetTerrainDef,pGetTerrainRes,0x0
Cleric#def,ClericName,ClericDesc,0x4a,0x2c,0x3b,0x0,0x7a,0x16,21,2,3,5,0,5,6,5,60,20,20,20,20,20,25,3,50,35,35,30,20,20,35,2,1,1,1,1,1,0x0,0,0,0,0,DRank,0,0,0,0x88af4f8,0x880ba10,0x880ba10,0x880ba10,0x880c479,0x880c4ba,0x880c4fb,MageType
Troubadour#def,TroubadourName,TroubadourDesc,0x4b,0x84,0x3c,0x0,0x82,0x19,20,1,0,2,0,4,4,7,60,20,20,20,20,20,25,3,50,35,35,30,20,20,35,2,1,1,1,1,1,0x403,0,0,0,0,DRank,0,0,0,0x88af504,0x880ba92,0x880bee3,0x880c2f3,0x880c479,0x880c4ba,0x880c4fb,HorseType|MageType
Valkyrie#def,ValkyrieName,ValkyrieDesc,0x4c,0x4b,0x3d,0x0,0x83,0x1a,23,3,2,4,2,7,5,8,80,25,25,25,25,25,25,3,50,35,35,30,20,20,35,2,1,1,1,1,1,0x503,0,0,0,0,DRank,DRank,0,0,0x88af510,0x880bad3,0x880bf24,0x880c334,0x880c479,0x880c4ba,0x880c4fb,HorseType|MageType
Dancer,0x2ec,0x338,0x4d,0x0,0x3e,0x0,0x8b,0x2a,20,0,0,8,0,4,5,6,60,20,20,20,20,20,25,3,50,35,35,30,20,20,35,2,1,1,1,1,1,0x10,0,0,0,0,0,0,0,0,0x88af528,0x880b849,0x880b849,0x880b849,0x880c479,0x880c4ba,0x880c4fb,0x0
Soldier#def,SoldierName,SoldierDesc,0x4e,0x0,SoldierStandMapSprite,0x0,SoldierCard,0x0,21,4,7,6,1,0,7,5,60,20,20,20,20,20,25,3,50,35,35,30,20,20,35,2,1,1,1,1,1,0x0,0,DRank,0,0,0,0,0,0,SoldierAnimEntry|IsPointer,pDefaultMoveCost,pDefaultMoveCost,pDefaultMoveCost,pGetTerrainAvo,pGetTerrainDef,pGetTerrainRes,0x0
Necromancer,0x2ef,0x33b,0x4f,0x2d,0x40,0x0,0x7f,0x2b,22,8,3,4,1,7,6,6,80,20,20,20,20,20,25,3,50,35,35,30,20,20,35,2,1,1,1,1,1,0x8000100,0,0,0,0,0,0,0,0,0x88af548,0x880ba10,0x880be61,0x880c271,0x880c479,0x880c4ba,0x880c4fb,MageType
Fleet,0x2f0,0x33c,0x50,0x0,0x41,0x0,0x92,0x0,23,0,0,1,3,0,25,4,60,20,20,20,20,20,25,3,50,35,35,30,20,20,35,2,1,1,1,1,1,0x0,0,0,0,DRank,0,0,0,0,0x0,0x880b98e,0x880bddf,0x880c1ef,0x880c479,0x880c4ba,0x880c4fb,0x0
Phantom,0x2f1,0x33d,0x51,0x0,0x42,0x0,0x98,0x1e,5,4,1,3,0,0,10,5,1,20,20,20,20,20,25,3,50,35,35,30,20,20,35,2,1,1,1,1,1,0x0,0,0,DRank,0,0,0,0,0,0x0,0x880bb96,0x880bfe7,0x880c3f7,0x880c53c,0x880c57d,0x880c5be,MonsterType
Revenant,0x2f2,0x33e,0x52,0x53,0x43,0x0,0x99,0x0,29,1,0,0,0,0,5,5,60,20,20,20,20,20,25,3,50,35,35,30,20,20,35,2,1,1,1,1,1,0x40000,0,0,0,0,0,0,0,0,0x88af560,0x880b849,0x880bc9a,0x880c0aa,0x880c479,0x880c4ba,0x880c4fb,MonsterType
Entombed,0x2f3,0x33f,0x53,0x52,0x44,0x0,0x9a,0x0,39,2,0,0,0,0,5,6,80,25,25,25,25,25,25,3,50,35,35,30,20,20,35,2,1,1,1,1,1,0x40100,0,0,0,0,0,0,0,0,0x88af56c,0x880b849,0x880bc9a,0x880c0aa,0x880c479,0x880c4ba,0x880c4fb,MonsterType
Bonewalker,0x2f4,0x340,0x54,0x56,0x45,0x0,0x9b,0x0,24,3,1,2,1,0,6,5,60,20,20,20,20,20,25,3,50,35,35,30,20,20,35,2,1,1,1,1,1,0x20000,DRank,DRank,0,0,0,0,0,0,0x88af578,0x880b849,0x880bc9a,0x880c0aa,0x880c479,0x880c4ba,0x880c4fb,MonsterType
Bonewalker (Bow),0x2f4,0x340,0x55,0x57,0x46,0x0,0x9b,0x0,22,3,2,1,1,0,5,5,60,20,20,20,20,20,25,3,50,35,35,30,20,20,35,2,1,1,1,1,1,0x0,0,0,0,DRank,0,0,0,0,0x88af588,0x880b849,0x880bc9a,0x880c0aa,0x880c479,0x880c4ba,0x880c4fb,MonsterType
Wight,0x2f5,0x341,0x56,0x54,0x47,0x0,0x9c,0x0,25,6,4,5,3,1,8,6,80,25,25,25,25,25,25,3,50,35,35,30,20,20,35,2,1,1,1,1,1,0x20100,DRank,DRank,0,0,0,0,0,0,0x88af594,0x880b849,0x880bc9a,0x880c0aa,0x880c479,0x880c4ba,0x880c4fb,MonsterType
Wight (Bow),0x2f5,0x341,0x57,0x55,0x48,0x0,0x9c,0x0,25,5,5,4,3,1,7,6,80,25,25,25,25,25,25,3,50,35,35,30,20,20,35,2,1,1,1,1,1,0x100,0,0,0,DRank,0,0,0,0,0x88af5a4,0x880b849,0x880bc9a,0x880c0aa,0x880c479,0x880c4ba,0x880c4fb,MonsterType
Halberdier#def,HalberdierName,HalberdierDesc,0x58,0x59,HalberdierStandMapSprite,0x0,HalberdierCard,0x0,29,5,2,2,4,0,11,6,80,25,25,25,25,25,25,3,50,35,35,30,20,20,35,2,1,1,1,1,1,IsPromoted,0,DRank,DRank,0,0,0,0,0,HalberdierAnimEntry|IsPointer,pDefaultMoveCost,pDefaultMoveCost,pDefaultMoveCost,pGetTerrainAvo,pGetTerrainDef,pGetTerrainRes,0x0
Soldier_F#def,SoldierName,SoldierDesc,0x59,0x58,Soldier_FStandMapSprite,0x0,SoldierCard,0x0,21,4,7,6,1,0,7,5,80,20,20,20,20,20,25,3,50,35,35,30,20,20,35,2,1,1,1,1,1,0x0,0,DRank,0,0,0,0,0,0,Soldier_FAnimEntry|IsPointer,pDefaultMoveCost,pDefaultMoveCost,pDefaultMoveCost,pGetTerrainAvo,pGetTerrainDef,pGetTerrainRes,0x0
Fighter_F#def,FighterName,FighterDesc,0x5a,0x5d,Fighter_FStandMapSprite,0x0,0x9f,0x0,26,7,1,4,0,0,11,5,60,20,20,20,20,20,25,3,50,35,35,30,20,20,35,2,1,1,1,1,1,0x100,0,0,DRank,0,0,0,0,0,Fighter_FAnimEntry|IsPointer,0x880b849,0x880b849,0x880b849,0x880c479,0x880c4ba,0x880c4fb,0x0
Ohtli_F#def,OhtliName,OhtliDesc,0x5b,0x81,Ohtli_FStandMapSprite,0x0,0x8b,0x0,27,4,3,3,1,3,11,5,60,20,20,20,20,20,25,3,50,35,35,30,20,20,35,2,1,1,1,1,1,0x0,0,0,DRank,0,0,0,0,0,Ohtli_FAnimEntry|IsPointer,0x880b94d,0x880b94d,0x880b94d,0x880c479,0x880c4ba,0x880c4fb,0x880c5ff
Pirate_F#def,PirateName,PirateDesc,0x5c,0x5e,Pirate_FStandMapSprite,0x0,0xa1,0x0,24,6,1,5,0,0,12,5,60,20,20,20,20,20,25,3,50,35,35,30,20,20,35,2,1,1,1,1,1,0x40100,0,0,DRank,0,0,0,0,0,Pirate_FAnimEntry|IsPointer,0x880bb55,0x880bfa6,0x880c3b6,0x880c479,0x880c4ba,0x880c4fb,0x0
Warrior_F#def,WarriorName,WarriorDesc,0x5d,0x0,Warrior_FStandMapSprite,0x0,0xa2,0x0,25,5,1,4,5,0,9,6,80,25,25,25,25,25,25,3,50,35,35,30,20,20,35,2,1,1,1,1,1,0x0,0,0,DRank,DRank,0,0,0,0,Warrior_FAnimEntry|IsPointer,0x880b849,0x880b849,0x880b849,0x880c479,0x880c4ba,0x880c4fb,0x0
Berserker_F#def,BerserkerName,BerserkerDesc,0x5e,0x0,Berserker_FStandMapSprite,0x0,0xa3,0x0,29,7,3,6,7,2,11,6,80,25,25,25,25,25,25,3,50,35,35,30,20,20,35,2,1,1,1,1,1,0x100,0,0,DRank,0,0,0,0,0,Berserker_FAnimEntry|IsPointer,0x880b90c,0x880b90c,0x880b90c,0x880c479,0x880c4ba,0x880c4fb,0x0
SkyKnight#def,SkyKnightName,SkyKnightDesc,0x5f,0x60,0x50,0x0,0xa4,0x0,20,2,4,6,0,2,5,7,60,20,20,20,20,20,25,3,50,35,35,30,20,20,35,2,1,1,1,1,1,0x40000,0,0,0,DRank,0,0,0,0,0x88af62c,0x880bb96,0x880bb96,0x880bb96,0x880c53c,0x880c57d,0x880c5be,FlierType
HolyKnight#def,HolyKnightName,HolyKnightDesc,0x60,0x5f,0x51,0x0,0xa5,0x0,24,4,5,7,1,3,6,8,80,20,20,20,20,20,25,3,50,35,35,30,20,20,35,2,1,1,1,1,1,0x40100,0,0,0,DRank,DRank,0,0,0,0x88af640,0x880bb96,0x880bb96,0x880bb96,0x880c53c,0x880c57d,0x880c5be,0x0
Gorgon,0x2ff,0x34b,0x61,0x5f,0x52,0x0,0xa6,0x0,23,7,2,3,3,6,10,6,60,20,20,20,20,20,25,3,50,35,35,30,20,20,35,2,1,1,1,1,1,0x40100,0,0,0,0,0,0,0,181,0x88af654,0x880ba10,0x880be61,0x880c271,0x880c479,0x880c4ba,0x880c4fb,MonsterType
Gorgon Egg,0x300,0x34c,0x62,0x0,0x53,0x0,0xa6,0x0,54,0,0,0,8,9,5,0,60,20,20,20,20,20,25,3,50,35,35,30,20,20,35,2,1,1,1,1,1,0x0,0,0,0,0,0,0,0,0,0x0,0x0,0x0,0x0,0x880c479,0x880c4ba,0x880c4fb,MonsterType
Gargoyle,0x301,0x34d,0x63,0x64,0x54,0x0,0xa7,0x0,23,5,2,5,4,0,7,6,60,20,20,20,20,20,25,3,50,35,35,30,20,20,35,2,1,1,1,1,1,0x0,0,71,0,0,0,0,0,0,0x88af668,0x880bb96,0x880bfe7,0x880c3f7,0x880c53c,0x880c57d,0x880c5be,MonsterType|FlierType
Deathgoyle,0x302,0x34e,0x64,0x63,0x55,0x0,0xa8,0x0,27,7,4,7,7,0,10,7,60,20,20,20,20,20,25,3,50,35,35,30,20,20,35,2,1,1,1,1,1,0x100,0,181,0,0,0,0,0,0,0x88af674,0x880bb96,0x880bfe7,0x880c3f7,0x880c53c,0x880c57d,0x880c5be,MonsterType|FlierType
Dracozombie,0x303,0x34f,0x65,0x1f,0x56,0x0,0xa9,0x0,57,0,0,0,0,2,25,5,100,20,20,20,20,20,25,3,50,35,35,30,20,20,35,2,1,1,1,1,1,0x40100,0,0,0,0,0,0,0,0,0x88af680,0x880bb96,0x880bfe7,0x880c3f7,0x880c53c,0x880c57d,0x880c5be,MonsterType|DragonType
Demon King,0x304,0x350,0x66,0x1f,0x57,0x0,0xaa,0x0,120,22,19,17,23,25,25,2,120,20,20,20,20,20,25,3,50,35,35,30,20,20,35,2,1,1,1,1,1,0x40100,0,0,0,0,0,0,0,0,0x88af68c,0x880bbd7,0x880bbd7,0x880bbd7,0x880c479,0x880c4ba,0x880c4fb,MonsterType
Archer on Ballista,0x0,0x0,0x67,0x0,0x58,0x0,0x0,0x0,0,0,0,0,0,0,0,0,0,20,20,20,20,20,25,3,50,35,35,30,20,20,35,2,1,1,1,1,1,0x0,0,0,0,0,0,0,0,0,0x0,0x0,0x0,0x0,0x880c479,0x880c4ba,0x880c4fb,0x0
Archer on Iron Ballista,0x0,0x0,0x68,0x0,0x59,0x0,0x0,0x0,0,0,0,0,0,0,0,0,0,20,20,20,20,20,25,3,50,35,35,30,20,20,35,2,1,1,1,1,1,0x0,0,0,0,0,0,0,0,0,0x0,0x0,0x0,0x0,0x880c479,0x880c4ba,0x880c4fb,0x0
Archer on Killer Ballista,0x0,0x0,0x69,0x0,0x5a,0x0,0x0,0x0,0,0,0,0,0,0,0,0,0,20,20,20,20,20,25,3,50,35,35,30,20,20,35,2,1,1,1,1,1,0x0,0,0,0,0,0,0,0,0,0x0,0x0,0x0,0x0,0x880c479,0x880c4ba,0x880c4fb,0x0
Ballista,0x0,0x0,0x6a,0x0,0x5b,0x0,0x0,0x0,0,0,0,0,0,0,0,0,0,20,20,20,20,20,25,3,50,35,35,30,20,20,35,2,1,1,1,1,1,0x0,0,0,0,0,0,0,0,0,0x0,0x0,0x0,0x0,0x880c479,0x880c4ba,0x880c4fb,0x0
Iron Ballista,0x0,0x0,0x6b,0x0,0x5c,0x0,0x0,0x0,0,0,0,0,0,0,0,0,0,20,20,20,20,20,25,3,50,35,35,30,20,20,35,2,1,1,1,1,1,0x0,0,0,0,0,0,0,0,0,0x0,0x0,0x0,0x0,0x880c479,0x880c4ba,0x880c4fb,0x0
Killer Ballista,0x0,0x0,0x6c,0x0,0x5d,0x0,0x0,0x0,0,0,0,0,0,0,0,0,0,20,20,20,20,20,25,3,50,35,35,30,20,20,35,2,1,1,1,1,1,0x0,0,0,0,0,0,0,0,0,0x0,0x0,0x0,0x0,0x880c479,0x880c4ba,0x880c4fb,0x0
Civilian,0x305,0x351,0x6d,0x0,0x5e,0x0,0x5e,0x0,12,0,0,0,0,0,3,5,60,20,20,20,20,20,25,3,50,35,35,30,20,20,35,2,1,1,1,1,1,0x0,0,0,0,0,0,0,0,0,0x0,0x880ba51,0x880bea2,0x880c2b2,0x880c479,0x880c4ba,0x880c4fb,0x0
Civilian (F),0x305,0x351,0x6e,0x0,0x5f,0x0,0x63,0x0,11,0,0,0,0,0,2,5,60,20,20,20,20,20,25,3,50,35,35,30,20,20,35,2,1,1,1,1,1,0x0,0,0,0,0,0,0,0,0,0x0,0x880ba51,0x880bea2,0x880c2b2,0x880c479,0x880c4ba,0x880c4fb,0x0
Civilian,0x305,0x351,0x6f,0x0,0x60,0x0,0x59,0x0,14,0,0,0,0,1,5,5,60,20,20,20,20,20,25,3,50,35,35,30,20,20,35,2,1,1,1,1,1,0x0,0,0,0,0,0,0,0,0,0x0,0x880ba51,0x880bea2,0x880c2b2,0x880c479,0x880c4ba,0x880c4fb,0x0
Civilian (F),0x305,0x351,0x70,0x0,0x61,0x0,0x62,0x0,13,0,0,0,0,0,3,5,60,20,20,20,20,20,25,3,50,35,35,30,20,20,35,2,1,1,1,1,1,0x0,0,0,0,0,0,0,0,0,0x0,0x880ba51,0x880bea2,0x880c2b2,0x880c479,0x880c4ba,0x880c4fb,0x0
Civilian,0x305,0x351,0x71,0x0,0x60,0x0,0x5c,0x0,16,2,0,0,0,0,6,5,60,20,20,20,20,20,25,3,50,35,35,30,20,20,35,2,1,1,1,1,1,0x0,0,0,0,0,0,0,0,0,0x0,0x880ba51,0x880bea2,0x880c2b2,0x880c479,0x880c4ba,0x880c4fb,0x0
Civilian (F),0x305,0x351,0x72,0x0,0x61,0x0,0x61,0x0,14,0,0,0,0,0,4,5,60,20,20,20,20,20,25,3,50,35,35,30,20,20,35,2,1,1,1,1,1,0x0,0,0,0,0,0,0,0,0,0x0,0x880ba51,0x880bea2,0x880c2b2,0x880c479,0x880c4ba,0x880c4fb,0x0
Peer,0x0,0x0,0x73,0x0,0x62,0x0,0x1,0x0,14,0,0,0,0,0,7,5,60,20,20,20,20,20,25,3,50,35,35,30,20,20,35,2,1,1,1,1,1,0x0,0,0,0,0,0,0,0,0,0x0,0x880ba51,0x880bea2,0x880c2b2,0x880c479,0x880c4ba,0x880c4fb,0x0
Queen,0x307,0x353,0x74,0x0,0x63,0x0,0x1,0x0,14,0,0,0,0,0,4,5,60,20,20,20,20,20,25,3,50,35,35,30,20,20,35,2,1,1,1,1,1,0x0,0,0,0,0,0,0,0,0,0x0,0x880ba51,0x880bea2,0x880c2b2,0x880c479,0x880c4ba,0x880c4fb,0x0
Prince,0x0,0x0,0x75,0x0,0x64,0x0,0x1,0x0,14,0,0,0,0,0,6,5,60,20,20,20,20,20,25,3,50,35,35,30,20,20,35,2,1,1,1,1,1,0x0,0,0,0,0,0,0,0,0,0x0,0x880ba51,0x880bea2,0x880c2b2,0x880c479,0x880c4ba,0x880c4fb,0x0
Outlaw#def,OutlawName,OutlawDesc,0x76,0x77,OutlawStandMapSprite,0x0,0x1,0x0,20,2,0,6,0,0,5,6,60,20,20,20,20,20,25,3,50,35,35,30,20,20,35,2,1,1,1,1,1,0xc,0,0,0,DRank,0,0,0,0,OutlawAnimEntry|IsPointer,0x880ba51,0x880bea2,0x880c2b2,0x880c479,0x880c4ba,0x880c4fb,ThiefType
Grassrunner#def,GrassrunnerName,GrassrunnerDesc,0x77,0x0,GrassrunnerStandMapSprite,0x0,0x0,0x0,24,3,2,8,1,0,6,8,60,20,20,20,20,20,25,3,50,35,35,30,20,20,35,2,1,1,1,1,1,MountedAid|CanCanto|HorseIcon|IsPromoted,0,0,0,DRank,0,0,0,0,GrassrunnerAnimEntry|IsPointer,pPromotedCavalryMoveCost,pPromotedCavalryMoveCost,pPromotedCavalryMoveCost,pGetTerrainAvo,pGetTerrainDef,pGetTerrainRes,HorseType|ThiefType
Fallen Prince,0x0,0x0,0x78,0x0,0x67,0x0,0x1,0x0,14,0,0,0,0,0,25,5,60,20,20,20,20,20,25,3,50,35,35,30,20,20,35,2,1,1,1,1,1,0x0,0,0,0,0,0,0,0,0,0x0,0x880ba51,0x880bea2,0x880c2b2,0x880c479,0x880c4ba,0x880c4fb,0x0
Tent#def,TentName,TentDesc,0x79,0x0,0x68,0x0,TentCard,0x0,19,0,2,2,1,0,25,0,60,20,20,20,20,20,25,3,50,35,35,30,20,20,35,2,1,1,1,1,1,0x100200,0,0,0,0,0,0,0,0,TentAnimEntry|IsPointer,0x880ba51,0x880bea2,0x880c2b2,0x880c479,0x880c4ba,0x880c4fb,0x0
Pontifex,0x306,0x352,0x7a,0x0,0x69,0x0,0x1,0x0,14,0,0,0,0,0,7,5,60,20,20,20,20,20,25,3,50,35,35,30,20,20,35,2,1,1,1,1,1,0x0,0,0,0,0,0,0,0,0,0x0,0x880ba51,0x880bea2,0x880c2b2,0x880c479,0x880c4ba,0x880c4fb,0x0
Dead Peer,0x0,0x0,0x7b,0x0,0x6a,0x0,0x1,0x0,14,0,0,0,0,0,25,5,60,20,20,20,20,20,25,3,50,35,35,30,20,20,35,2,1,1,1,1,1,0x0,0,0,0,0,0,0,0,0,0x0,0x880ba51,0x880bea2,0x880c2b2,0x880c479,0x880c4ba,0x880c4fb,0x0
StaffMage#def,StaffMageName,StaffMageDesc,0x7c,0x28,StaffMageStandMapSprite,0x0,0x9f,0x0,22,2,1,2,1,2,6,5,60,20,20,20,20,20,25,3,50,35,35,30,20,20,35,2,1,1,1,1,1,0x100,0,0,0,0,DRank,0,0,0,StaffMageAnimEntry|IsPointer,0x880ba10,0x880ba10,0x880ba10,0x880c479,0x880c4ba,0x880c4fb,MageType
Curate#def,CurateName,CurateDesc,0x7d,0x30,CurateStandMapSprite,0x0,0x9e,0x0,22,2,1,2,1,2,6,5,60,20,20,20,20,20,25,3,50,35,35,30,20,20,35,2,1,1,1,1,1,0x40100,0,0,0,0,DRank,0,0,0,CurateAnimEntry|IsPointer,0x880ba10,0x880ba10,0x880ba10,0x880c479,0x880c4ba,0x880c4fb,MageType
Ballistician#def,BallisticianName,BallisticianDesc,0x7e,0x0,BallisticianStandMapSprite,0x0,BallisticianCard,0x27,29,4,5,1,1,1,25,4,80,25,25,25,25,25,25,3,50,35,35,30,20,20,35,2,1,1,1,1,1,0x0,0,0,0,DRank,0,0,0,0,BallisticianAnimEntry|IsPointer,0x880b849,0x880b849,0x880b849,0x880c479,0x880c4ba,0x880c4fb,0x0
Shrine#def,ShrineName,ShrineDesc,0x7f,0x0,ShrineStandMapSprite,0x0,ShrineCard,0x0,24,0,0,0,4,3,25,0,80,20,20,20,20,20,25,3,50,35,35,30,20,20,35,2,1,1,1,1,1,0x0,0,0,0,0,0,0,0,0,0x88af6c8,0x880b849,0x880b849,0x880b849,0x880c479,0x880c4ba,0x880c4fb,0x0
Chief#def,ChiefName,ChiefDesc,0x80,0x0,ChiefStandMapSprite,0x0,0x0,0x0,30,6,4,5,2,5,13,6,60,20,20,20,20,20,25,3,50,35,35,30,20,20,35,2,1,1,1,1,1,IsPromoted,0,0,DRank,0,0,DRank,0,0,ChiefAnimEntry|IsPointer,0x880b94d,0x880b94d,0x880b94d,0x880c479,0x880c4ba,0x880c4fb,MageType
Chief_F#def,ChiefName,ChiefDesc,0x81,0x0,Chief_FStandMapSprite,0x0,0x0,0x0,30,6,4,5,2,5,13,6,60,20,20,20,20,20,25,3,50,35,35,30,20,20,35,2,1,1,1,1,1,IsPromoted,0,0,DRank,0,0,DRank,0,0,0x88af468,0x880b94d,0x880b94d,0x880b94d,0x880c479,0x880c4ba,0x880c4fb,MageType
Troubadour_M#def,TroubadourName,TroubadourDesc,0x82,0x83,Troubadour_MStandMapSprite,0x0,0x82,0x19,20,1,0,2,0,4,4,7,60,20,20,20,20,20,25,3,50,35,35,30,20,20,35,2,1,1,1,1,1,MountedAid|CanCanto|HorseIcon,0,0,0,0,DRank,0,0,0,Troubadour_MAnimEntry|IsPointer,0x880ba92,0x880bee3,0x880c2f3,0x880c479,0x880c4ba,0x880c4fb,HorseType|MageType
MageKnight#def,MageKnightName,MageKnightDesc,0x83,0x0,MageKnightStandMapSprite,0x0,0x83,0x1a,23,3,2,4,2,7,5,8,60,20,20,20,20,20,25,3,50,35,35,30,20,20,35,2,1,1,1,1,1,MountedAid|CanCanto|HorseIcon|IsPromoted,0,0,0,0,DRank,DRank,0,0,MageKnightAnimEntry|IsPointer,0x880bad3,0x880bf24,0x880c334,0x880c479,0x880c4ba,0x880c4fb,HorseType|MageType
MageKnight_F#def,MageKnightName,MageKnightDesc,0x84,0x0,MageKnight_FStandMapSprite,0x0,0x83,0x1a,23,3,2,4,2,7,5,8,60,20,20,20,20,20,25,3,50,35,35,30,20,20,35,2,1,1,1,1,1,MountedAid|CanCanto|HorseIcon|IsPromoted,0,0,0,0,DRank,DRank,0,0,0x88af510,0x880bad3,0x880bf24,0x880c334,0x880c479,0x880c4ba,0x880c4fb,HorseType|MageType
Log#def,LogName,LogDesc,0x85,0x0,LogStandMapSprite,0x0,LogCard,0x0,26,0,0,0,4,3,4,0,60,20,20,20,20,20,25,3,50,35,35,30,20,20,35,2,1,1,1,1,1,0x0,0,0,0,0,0,0,0,0,0x0,0x880b808,0x880bc59,0x880c069,0x880c479,0x880c4ba,0x880c4fb,0x0
Chicken#def,ChickenName,ChickenDesc,0x86,0x0,ChickenStandMapSprite,0x0,ChickenCard,0x0,24,0,1,4,0,2,1,5,60,20,20,20,20,20,25,3,50,35,35,30,20,20,35,2,1,1,1,1,1,0x0,0,0,0,0,0,0,0,0,0x0,0x880b808,0x880bc59,0x880c069,0x880c479,0x880c4ba,0x880c4fb,0x0
Merchant#def,MerchantName,MerchantDesc,0x87,0x0,MerchantStandMapSprite,0x0,TentCard,0x0,24,0,0,3,1,2,25,5,60,20,20,20,20,20,25,3,50,35,35,30,20,20,35,2,1,1,1,1,1,MountedAid|CanCanto|HorseIcon,0,0,0,0,0,0,0,0,0x88af510,0x880bad3,0x880bf24,0x880c334,0x880c479,0x880c4ba,0x880c4fb,HorseType
Gazelle#def,GazelleName,GazelleDesc,0x88,0x0,GazelleStandMapSprite,0x0,GazelleCard,0x0,24,0,0,6,0,1,25,5,60,20,20,20,20,20,25,3,50,35,35,30,20,20,35,2,1,1,1,1,1,0x0,0,0,0,0,0,0,0,0,0x0,0x880b808,0x880bc59,0x880c069,0x880c479,0x880c4ba,0x880c4fb,0x0
Horse#def,GazelleName,HorseDesc,0x89,0x0,HorseStandMapSprite,0x0,HorseCard,0x0,26,1,0,4,2,0,25,5,60,20,20,20,20,20,25,3,50,35,35,30,20,20,35,2,1,1,1,1,1,0x0,0,0,0,0,0,0,0,0,0x0,0x880b808,0x880bc59,0x880c069,0x880c479,0x880c4ba,0x880c4fb,0x0
Pumpkin#def,PumpkinName,PumpkinDesc,0x8a,0x0,PumpkinStandMapSprite,0x0,PumpkinCard,0x0,20,0,0,0,0,4,1,0,60,20,20,20,20,20,25,3,50,35,35,30,20,20,35,2,1,1,1,1,1,0x0,0,0,0,0,0,0,0,0,0x0,0x880b808,0x880bc59,0x880c069,0x880c479,0x880c4ba,0x880c4fb,0x0
Outlaw_F#def,OutlawName,OutlawDesc,0x8b,0x8c,OutlawStandMapSprite,0x0,0x1,0x0,20,2,0,6,0,0,5,6,60,20,20,20,20,20,25,3,50,35,35,30,20,20,35,2,1,1,1,1,1,0xc,0,0,0,DRank,0,0,0,0,Outlaw_FAnimEntry|IsPointer,0x880ba51,0x880bea2,0x880c2b2,0x880c479,0x880c4ba,0x880c4fb,ThiefType
Grassrunner_F#def,GrassrunnerName,GrassrunnerDesc,0x8c,0x0,GrassrunnerStandMapSprite,0x0,0x0,0x0,24,3,2,8,1,0,6,8,60,20,20,20,20,20,25,3,50,35,35,30,20,20,35,2,1,1,1,1,1,MountedAid|CanCanto|HorseIcon|IsPromoted,0,0,0,DRank,0,0,0,0,Grassrunner_FAnimEntry|IsPointer,pPromotedCavalryMoveCost,pPromotedCavalryMoveCost,pPromotedCavalryMoveCost,pGetTerrainAvo,pGetTerrainDef,pGetTerrainRes,HorseType|ThiefType
Roughneck#def,RoughneckName,RoughneckDesc,0x8d,0x8e,RoughneckStandMapSprite,0x0,RoughneckCard,0x0,26,8,1,3,2,0,13,5,60,20,20,20,20,20,25,3,50,35,35,30,20,20,35,2,1,1,1,1,1,0x0,DRank,0,0,0,0,0,0,0,RoughneckAnimEntry|IsPointer,0x880b9cf,0x880b9cf,0x880b9cf,0x880c479,0x880c4ba,0x880c4fb,ThiefType|SwordType
Boss#def,BossName,BossDesc,0x8e,0x0,BossStandMapSprite,0x0,BossCard,0x0,29,10,3,5,3,1,14,6,60,20,20,20,20,20,25,3,50,35,35,30,20,20,35,2,1,1,1,1,1,0x0,DRank,0,0,0,0,0,0,0,BossAnimEntry|IsPointer,0x880b9cf,0x880b9cf,0x880b9cf,0x880c479,0x880c4ba,0x880c4fb,ThiefType|SwordType
